insert into kind (kind) values ('QA');
insert into kind (kind) values ('JS Developer');
insert into kind (kind) values ('Java Developer');
insert into kind (kind) values ('Project Manager');

insert into account (name, surname, email, password, account_status)
values ('Olha', 'Shutylieva', 'os@mail.com', '$2a$12$twzKjMPahMiUZ/JumzboTOx9oqJnN4RX7B6hUoN7s5NajdLgygJr6', 'ACTIVE');
insert into account (name, surname, email, password, account_status)
values ('Alexey', 'Pedun', 'ap@mail.com', '$2a$12$twzKjMPahMiUZ/JumzboTOx9oqJnN4RX7B6hUoN7s5NajdLgygJr6', 'ACTIVE');
insert into account (name, surname, email, password, account_status)
values ('Ekaterina', 'Nikitenko', 'en@mail.com', '$2a$12$twzKjMPahMiUZ/JumzboTOx9oqJnN4RX7B6hUoN7s5NajdLgygJr6', 'ACTIVE');
insert into account (name, surname, email, password, account_status)
values ('Anastasiia', 'Mashchenko', 'am@mail.com', '$2a$12$twzKjMPahMiUZ/JumzboTOx9oqJnN4RX7B6hUoN7s5NajdLgygJr6', 'ACTIVE');
insert into account (name, surname, email, password, account_status)
values ('Max', 'Koropets', 'mk@mail.com', '$2a$12$twzKjMPahMiUZ/JumzboTOx9oqJnN4RX7B6hUoN7s5NajdLgygJr6', 'ACTIVE');
insert into account (name, surname, email, password, account_status)
values ('Bohdan', 'Rohozianskyi', 'br@mail.com', '$2a$12$twzKjMPahMiUZ/JumzboTOx9oqJnN4RX7B6hUoN7s5NajdLgygJr6', 'ACTIVE');
insert into account (name, surname, email, password, account_status)
values ('Maksym', 'Lavrovskyi', 'ml@mail.com', '$2a$12$twzKjMPahMiUZ/JumzboTOx9oqJnN4RX7B6hUoN7s5NajdLgygJr6', 'ACTIVE');
insert into account (name, surname, email, password, account_status)
values ('Dmytro', 'Kataiev', 'dk@mail.com', '$2a$12$twzKjMPahMiUZ/JumzboTOx9oqJnN4RX7B6hUoN7s5NajdLgygJr6', 'ACTIVE');
insert into account (name, surname, email, password, account_status)
values ('Vladyslav', 'Liubchyk', 'vl@mail.com', '$2a$12$twzKjMPahMiUZ/JumzboTOx9oqJnN4RX7B6hUoN7s5NajdLgygJr6', 'ACTIVE');
insert into account (name, surname, email, password, account_status)
values ('Yaroslava', 'Nechaieva', 'yn@mail.com', '$2a$12$twzKjMPahMiUZ/JumzboTOx9oqJnN4RX7B6hUoN7s5NajdLgygJr6', 'ACTIVE');
insert into account (name, surname, email, password, account_status)
values ('Sofiia', 'Kazantseva', 'sk@mail.com', '$2a$12$twzKjMPahMiUZ/JumzboTOx9oqJnN4RX7B6hUoN7s5NajdLgygJr6', 'ACTIVE');

insert into talent (id, kind_id, experience, description, location)
values (1, 4, 5,
        'Lorem Ipsum is simply dummy text of the printing and typesetting industry. Lorem Ipsum has been the industrys standard dummy text ever since the 1500s, when an unknown printer took a galley of type and scrambled it to make a type specimen book.',
        'Ukraine');
insert into talent (id, kind_id, experience, description, location)
values (2, 1, 5,
        'Lorem Ipsum is simply dummy text of the printing and typesetting industry. Lorem Ipsum has been the industrys standard dummy text ever since the 1500s, when an unknown printer took a galley of type and scrambled it to make a type specimen book.',
        'Ukraine');
insert into talent (id, kind_id, experience, description, location)
values (3, 1, 5,
        'Lorem Ipsum is simply dummy text of the printing and typesetting industry. Lorem Ipsum has been the industrys standard dummy text ever since the 1500s, when an unknown printer took a galley of type and scrambled it to make a type specimen book.',
        'Ukraine');
insert into talent (id, kind_id, experience, description, location)
values (4, 1, 5,
        'Lorem Ipsum is simply dummy text of the printing and typesetting industry. Lorem Ipsum has been the industrys standard dummy text ever since the 1500s, when an unknown printer took a galley of type and scrambled it to make a type specimen book.',
        'Ukraine');
insert into talent (id, kind_id, experience, description, location)
values (5, 1, 5,
        'Lorem Ipsum is simply dummy text of the printing and typesetting industry. Lorem Ipsum has been the industrys standard dummy text ever since the 1500s, when an unknown printer took a galley of type and scrambled it to make a type specimen book.',
        'Ukraine');
insert into talent (id, kind_id, experience, description, location)
values (6, 2, 5,
        'Lorem Ipsum is simply dummy text of the printing and typesetting industry. Lorem Ipsum has been the industrys standard dummy text ever since the 1500s, when an unknown printer took a galley of type and scrambled it to make a type specimen book.',
        'Ukraine');
insert into talent (id, kind_id, experience, description, location)
values (7, 2, 5,
        'Lorem Ipsum is simply dummy text of the printing and typesetting industry. Lorem Ipsum has been the industrys standard dummy text ever since the 1500s, when an unknown printer took a galley of type and scrambled it to make a type specimen book.',
        'Ukraine');
insert into talent (id, kind_id, experience, description, location)
values (8, 2, 5,
        'Lorem Ipsum is simply dummy text of the printing and typesetting industry. Lorem Ipsum has been the industrys standard dummy text ever since the 1500s, when an unknown printer took a galley of type and scrambled it to make a type specimen book.',
        'Ukraine');
insert into talent (id, kind_id, experience, description, location)
values (9, 3, 5,
        'Lorem Ipsum is simply dummy text of the printing and typesetting industry. Lorem Ipsum has been the industrys standard dummy text ever since the 1500s, when an unknown printer took a galley of type and scrambled it to make a type specimen book.',
        'Ukraine');
insert into talent (id, kind_id, experience, description, location)
values (10, 3, 5,
        'Lorem Ipsum is simply dummy text of the printing and typesetting industry. Lorem Ipsum has been the industrys standard dummy text ever since the 1500s, when an unknown printer took a galley of type and scrambled it to make a type specimen book.',
        'Ukraine');
insert into talent (id, kind_id, experience, description, location)
values (11, 3, 5,
        'Lorem Ipsum is simply dummy text of the printing and typesetting industry. Lorem Ipsum has been the industrys standard dummy text ever since the 1500s, when an unknown printer took a galley of type and scrambled it to make a type specimen book.',
        'Ukraine');

insert into link (url, talent_id) values ('https://google.com', 1);
insert into link (url, talent_id) values ('https://bing.com', 2);
insert into link (url, talent_id) values ('https://discord.com', 2);
insert into link (url, talent_id) values ('https://google.com', 3);
insert into link (url, talent_id) values ('https://twitch.tv', 4);
insert into link (url, talent_id) values ('https://youtube.com', 4);
insert into link (url, talent_id) values ('https://reddit.com', 5);
insert into link (url, talent_id) values ('https://twitter.com', 6);
insert into link (url, talent_id) values ('https://telegram.com', 7);
insert into link (url, talent_id) values ('https://spotify.com', 7);
insert into link (url, talent_id) values ('https://linkedin.com', 8);
insert into link (url, talent_id) values ('https://github.com', 9);
insert into link (url, talent_id) values ('https://dota2.com', 10);
insert into link (url, talent_id) values ('https://blizzard.com', 10);
insert into link (url, talent_id) values ('https://softserveinc.com', 11);

insert into account_authorities (authorities, account_id) values ('TALENT', 1);
insert into account_authorities (authorities, account_id) values ('TALENT', 2);
insert into account_authorities (authorities, account_id) values ('TALENT', 3);
insert into account_authorities (authorities, account_id) values ('TALENT', 4);
insert into account_authorities (authorities, account_id) values ('TALENT', 5);
insert into account_authorities (authorities, account_id) values ('TALENT', 6);
insert into account_authorities (authorities, account_id) values ('TALENT', 7);
insert into account_authorities (authorities, account_id) values ('TALENT', 8);
insert into account_authorities (authorities, account_id) values ('TALENT', 9);
insert into account_authorities (authorities, account_id) values ('TALENT', 10);
insert into account_authorities (authorities, account_id) values ('TALENT', 11);

insert into proof (publication_date, title, description, talent_id, status)
values (CURRENT_TIMESTAMP, 'Java Spring Boot project', 'lil morty', 1, 'PUBLISHED');
insert into proof (publication_date, title, description, talent_id, status)
values (CURRENT_TIMESTAMP, 'My c++ project', '<git hub link>', 1, 'DRAFT');
insert into proof (publication_date, title, description, talent_id, status)
values (CURRENT_TIMESTAMP, 'Java Hibernate project', '<git hub link>', 1, 'HIDDEN');

insert into proof (publication_date, title, description, talent_id, status)
values (CURRENT_TIMESTAMP, 'Java Spring Boot project', 'lil morty', 2, 'PUBLISHED');
insert into proof (publication_date, title, description, talent_id, status)
values (CURRENT_TIMESTAMP, 'My c++ project', '<git hub link>', 2, 'DRAFT');
insert into proof (publication_date, title, description, talent_id, status)
values (CURRENT_TIMESTAMP, 'Java Hibernate project', '<git hub link>', 2, 'HIDDEN');

insert into proof (publication_date, title, description, talent_id, status)
values (CURRENT_TIMESTAMP, 'Dota 2 profile', 'https://store.steampowered.com', 3, 'PUBLISHED');
insert into proof (publication_date, title, description, talent_id, status)
values (CURRENT_TIMESTAMP, 'My c++ project', '<git hub link>', 3, 'DRAFT');
insert into proof (publication_date, title, description, talent_id, status)
values (CURRENT_TIMESTAMP, 'Java Hibernate project', '<git hub link>', 3, 'HIDDEN');

insert into proof (publication_date, title, description, talent_id, status)
values (CURRENT_TIMESTAMP, 'Counter Strike profile', '<steam link>', 4, 'PUBLISHED');

insert into proof (publication_date, title, description, talent_id, status)
values (CURRENT_TIMESTAMP, 'My web site', 'https://spotify.com', 5, 'DRAFT');
insert into proof (publication_date, title, description, talent_id, status)
values (CURRENT_TIMESTAMP, 'Java Hibernate project', '<git hub link>', 5, 'HIDDEN');

insert into proof (publication_date, title, description, talent_id, status)
values (CURRENT_TIMESTAMP, 'My company web site', 'https://softserveinc.com', 6, 'DRAFT');
insert into proof (publication_date, title, description, talent_id, status)
values (CURRENT_TIMESTAMP, 'Java Hibernate project', '<git hub link>', 6, 'HIDDEN');

insert into proof (publication_date, title, description, talent_id, status)
values (CURRENT_TIMESTAMP, 'My c++ project', '<git hub link>', 7, 'DRAFT');

insert into proof (publication_date, title, description, talent_id, status)
values (CURRENT_TIMESTAMP, 'My Song', 'kalush - stefania', 8, 'DRAFT');

insert into proof (publication_date, title, description, talent_id, status)
values (CURRENT_TIMESTAMP, 'Counter Strike profile', '<steam link>', 9, 'PUBLISHED');
insert into proof (publication_date, title, description, talent_id, status)
values (CURRENT_TIMESTAMP, 'Counter Strike profile', '<steam link>', 9, 'HIDDEN');
insert into proof (publication_date, title, description, talent_id, status)
values (CURRENT_TIMESTAMP, 'Counter Strike profile', '<steam link>', 9, 'DRAFT');

insert into proof (publication_date, title, description, talent_id, status)
values (CURRENT_TIMESTAMP, 'Java Hibernate project', '<git hub link>', 10, 'HIDDEN');

insert into skill (label, icon) values ('Public speaking', 'https://www.svgrepo.com/show/296083/crying.svg');
insert into skill (label, icon) values ('Time management', 'https://www.svgrepo.com/show/296083/crying.svg');
insert into skill (label, icon) values ('Leadership', 'https://www.svgrepo.com/show/296083/crying.svg');
insert into skill (label, icon) values ('Teamwork', 'https://www.svgrepo.com/show/296083/crying.svg');
insert into skill (label, icon) values ('Problem solving', 'https://www.svgrepo.com/show/296083/crying.svg');
insert into skill (label, icon) values ('Networking', 'https://www.svgrepo.com/show/296083/crying.svg');
insert into skill (label, icon) values ('Digital literacy', 'https://www.svgrepo.com/show/296083/crying.svg');
insert into skill (label, icon) values ('Adaptability', 'https://www.svgrepo.com/show/296083/crying.svg');
insert into skill (label, icon) values ('Critical thinking', 'https://www.svgrepo.com/show/296083/crying.svg');
insert into skill (label, icon) values ('Creativity', 'https://www.svgrepo.com/show/296083/crying.svg');

insert into proof_skills (proof_id, skill_id) values (1, 1);
insert into proof_skills (proof_id, skill_id) values (1, 2);
insert into proof_skills (proof_id, skill_id) values (2, 3);
insert into proof_skills (proof_id, skill_id) values (3, 4);
insert into proof_skills (proof_id, skill_id) values (3, 5);
insert into proof_skills (proof_id, skill_id) values (4, 5);
insert into proof_skills (proof_id, skill_id) values (5, 6);
insert into proof_skills (proof_id, skill_id) values (6, 7);
insert into proof_skills (proof_id, skill_id) values (7, 8);
insert into proof_skills (proof_id, skill_id) values (8, 9);
insert into proof_skills (proof_id, skill_id) values (8, 10);
insert into proof_skills (proof_id, skill_id) values (9, 1);
insert into proof_skills (proof_id, skill_id) values (9, 10);
insert into proof_skills (proof_id, skill_id) values (9, 6);

insert into talent_skills (talent_id, skill_id) values (1, 1);
insert into talent_skills (talent_id, skill_id) values (2, 2);
insert into talent_skills (talent_id, skill_id) values (2, 3);
insert into talent_skills (talent_id, skill_id) values (3, 4);
insert into talent_skills (talent_id, skill_id) values (3, 5);
insert into talent_skills (talent_id, skill_id) values (4, 6);
insert into talent_skills (talent_id, skill_id) values (4, 7);
insert into talent_skills (talent_id, skill_id) values (4, 8);
insert into talent_skills (talent_id, skill_id) values (5, 9);
insert into talent_skills (talent_id, skill_id) values (6, 1);
insert into talent_skills (talent_id, skill_id) values (7, 2);
insert into talent_skills (talent_id, skill_id) values (7, 3);
insert into talent_skills (talent_id, skill_id) values (8, 6);
insert into talent_skills (talent_id, skill_id) values (9, 3);
insert into talent_skills (talent_id, skill_id) values (9, 10);
insert into talent_skills (talent_id, skill_id) values (9, 9);
insert into talent_skills (talent_id, skill_id) values (10, 10);
insert into talent_skills (talent_id, skill_id) values (10, 1);
insert into talent_skills (talent_id, skill_id) values (11, 5);
insert into talent_skills (talent_id, skill_id) values (11, 7);

insert into account (name, surname, email, password, account_status)
values ('Халифа', 'ибн Заид аль-Нахайян', 'sponsor1@mail.com',
        '$2a$12$twzKjMPahMiUZ/JumzboTOx9oqJnN4RX7B6hUoN7s5NajdLgygJr6', 'ACTIVE');

insert into account (name, surname, email, password, account_status)
values ('Мохаммед', 'Хусейн Али аль-Амуди', 'sponsor2@mail.com',
    '$2a$12$twzKjMPahMiUZ/JumzboTOx9oqJnN4RX7B6hUoN7s5NajdLgygJr6', 'ACTIVE');

insert into account (name, surname, email, password, account_status)
values ('Абдул', 'Азиз аль-Гурар', 'sponsor3@mail.com',
    '$2a$12$twzKjMPahMiUZ/JumzboTOx9oqJnN4RX7B6hUoN7s5NajdLgygJr6', 'ACTIVE');

insert into account (name, surname, email, password, account_status)
values ('Мансур', 'ибн Заид аль-Нахайян', 'sponsor4@mail.com',
        '$2a$12$twzKjMPahMiUZ/JumzboTOx9oqJnN4RX7B6hUoN7s5NajdLgygJr6', 'ACTIVE');

insert into sponsor(id, balance) values (12, 100);
insert into sponsor(id, balance) values (13, 100);
insert into sponsor(id, balance) values (14, 100);
insert into sponsor(id, balance) values (15, 100);

insert into account_authorities (authorities, account_id) values ('SPONSOR', 12);
insert into account_authorities (authorities, account_id) values ('SPONSOR', 13);
insert into account_authorities (authorities, account_id) values ('SPONSOR', 14);
insert into account_authorities (authorities, account_id) values ('SPONSOR', 15);

insert into kudos (sponsor_id, proof_id, skill_id, amount) values ('12', '1', '1', '2');
insert into kudos (sponsor_id, proof_id, skill_id, amount) values ('12', '1', '2', '2');
insert into kudos (sponsor_id, proof_id, skill_id, amount) values ('13', '1', '2', '3');
insert into kudos (sponsor_id, proof_id, skill_id, amount) values ('12', '4', '5', '5');